2stream_rt	src/pgen/cooling_convection.cpp
2stream_rt	src/pgen/deep_hot_jupiter_rt.cpp
2stream_rt	src/pgen/deep_hot_jupiter_rt_old.cpp
2stream_rt	src/pgen/solar_convection.cpp
2stream_rt	src/pgen/solar_convection_old.cpp
2stream_rt	src/utils/two_stream_rt.hpp
ADM constraints loop	src/z4c/z4c_adm.cpp
Alg constr loop	src/z4c/z4c.cpp
CSHist	src/pgen/cs_test.cpp
CT-b1	src/mhd/mhd_ct.cpp
CT-b2	src/mhd/mhd_ct.cpp
CT-b3	src/mhd/mhd_ct.cpp
Copy lapse neighborhood	src/z4c/compact_object_tracker.cpp
CopyCons	src/z4c/z4c_tasks.cpp
FOFC-count	src/dyn_grmhd/dyn_grmhd_fofc.cpp
FOFC-count	src/hydro/hydro_fofc.cpp
FOFC-count	src/mhd/mhd_fofc.cpp
FOFC-csfloor	src/hydro/hydro_fofc.cpp
FOFC-csfloor	src/mhd/mhd_fofc.cpp
FOFC-etotgrav	src/hydro/fofc_etotgrav.cpp
FOFC-flx	src/dyn_grmhd/dyn_grmhd_fofc.cpp
FOFC-flx	src/hydro/hydro_fofc.cpp
FOFC-flx	src/mhd/mhd_fofc.cpp
FOFC-newu	src/dyn_grmhd/dyn_grmhd_fofc.cpp
FOFC-newu	src/hydro/hydro_fofc.cpp
FOFC-newu	src/mhd/mhd_fofc.cpp
FOFC-reset	src/hydro/hydro_fofc.cpp
FillCoarseMG	src/multigrid/multigrid_bvals.cpp
FillCoarseMG_faces	src/multigrid/multigrid_bvals.cpp
FillFCMGGhosts	src/multigrid/multigrid_bvals.cpp
GaugePreCollapsedLapse	src/z4c/z4c_gauge.cpp
HistSums	src/outputs/history.cpp
HistSums	src/pgen/tests/mri3d.cpp
HistSums	src/pgen/tests/shwave.cpp
HistSums	src/pgen/turb.cpp
HydroNudt1	src/hydro/hydro_newdt.cpp
HydroNudt2	src/hydro/hydro_newdt.cpp
HydroNudtGas	src/hydro/hydro_newdt.cpp
JeansAMR	src/pgen/tests/be_collapse.cpp
JeansWaveAMR	src/pgen/tests/jeans_wave.cpp
K-O Dissipation	src/z4c/z4c_calcrhs.cpp
L1-err	src/pgen/pgen.cpp
L1-err-Sums	src/pgen/pgen.cpp
LW-err	src/pgen/tests/z4c_linear_wave.cpp
LW-err	src/pgen/z4c_stability.cpp
LW-err-Sums	src/pgen/tests/cpaw.cpp
M1CsHist	src/pgen/tests/rad_m1_tests2.cpp
M1RwHist	src/pgen/tests/rad_m1_tests2.cpp
MG::Average	src/multigrid/multigrid.cpp
MG::DefectNorm_L1	src/multigrid/multigrid.cpp
MG::DefectNorm_L2	src/multigrid/multigrid.cpp
MG::DefectNorm_Linf	src/multigrid/multigrid.cpp
MGCenterOfMass	src/multigrid/multigrid_driver.cpp
MGMultipoleCoeffs	src/multigrid/multigrid_driver.cpp
MGPhysicalBoundary	src/multigrid/multigrid_tasks.cpp
MGRootBnd_multipole	src/multigrid/multigrid_driver.cpp
MGRootBnd_x1	src/multigrid/multigrid_driver.cpp
MGRootBnd_x2	src/multigrid/multigrid_driver.cpp
MGRootBnd_x3	src/multigrid/multigrid_driver.cpp
MHDNudt1	src/mhd/mhd_newdt.cpp
MHDNudt2	src/mhd/mhd_newdt.cpp
MHDdiffdt	src/diffusion/resistivity.cpp
MaxRefCond	src/mesh/refinement_criteria.cpp
Multigrid::ApplyMask	src/multigrid/multigrid.cpp
Multigrid::CalculateDefect	src/multigrid/multigrid.hpp
Multigrid::CalculateFASRHS	src/multigrid/multigrid.hpp
Multigrid::ComputeCorrection	src/multigrid/multigrid.cpp
Multigrid::FMGProlongate	src/multigrid/multigrid.cpp
Multigrid::LoadCoefficients	src/multigrid/multigrid.cpp
Multigrid::LoadFinestData	src/multigrid/multigrid.cpp
Multigrid::LoadSource	src/multigrid/multigrid.cpp
Multigrid::ProlongateAndCorrect_tricubic	src/multigrid/multigrid.cpp
Multigrid::ProlongateAndCorrect_trilinear	src/multigrid/multigrid.cpp
Multigrid::Restrict	src/multigrid/multigrid.cpp
Multigrid::RetrieveDefect	src/multigrid/multigrid.cpp
Multigrid::RetrieveResult	src/multigrid/multigrid.cpp
Multigrid::Smooth	src/multigrid/multigrid.hpp
Multigrid::SubtractAverage	src/multigrid/multigrid.cpp
Multigrid:SaveToRoot	src/multigrid/multigrid_driver.cpp
PackMG	src/multigrid/multigrid_bvals.cpp
ProlongateFCMG	src/multigrid/multigrid_bvals.cpp
RadM1Nudt	src/rad_m1/rad_m1_newdt.cpp
RadM1NudtSph	src/rad_m1/rad_m1_newdt.cpp
RadiationNudt	src/radiation/radiation_newdt.cpp
RefineFC-int	src/mesh/mesh_refinement.cpp
RefineFC1	src/mesh/mesh_refinement.cpp
RefineFC2	src/mesh/mesh_refinement.cpp
RefineFC3	src/mesh/mesh_refinement.cpp
SPHist	src/pgen/sp_test.cpp
SendBuff	src/mesh/load_balance.cpp
SendBuff	src/mesh/mesh_refinement.cpp
TOVHistSums	src/pgen/dyngr_tov.cpp
TOVHistSums	src/pgen/lorene_bns.cpp
UnpackMG	src/multigrid/multigrid_bvals.cpp
Z4c dt	src/z4c/z4c_newdt.cpp
Z4c_AMR::GXYMAX	src/pgen/tests/z4c_linear_wave.cpp
acc0	src/shearing_box/shearing_box_srcterms.cpp
balsara-err	src/pgen/tests/balsara_vortex.cpp
barotropic_cooling_hydro	src/pgen/tests/be_collapse.cpp
barotropic_cooling_mhd	src/pgen/tests/be_collapse.cpp
be_collapse_bfield	src/pgen/tests/be_collapse.cpp
be_collapse_hydro	src/pgen/tests/be_collapse.cpp
be_collapse_mhd	src/pgen/tests/be_collapse.cpp
bfield-bc_x1	src/bvals/physics/bfield_bcs.cpp
bfield-bc_x2	src/bvals/physics/bfield_bcs.cpp
bfield-bc_x3	src/bvals/physics/bfield_bcs.cpp
binary_gravity_bfield	src/pgen/tests/binary_gravity.cpp
bmag	src/outputs/derived_variables.cpp
boxconv_aradf	src/pgen/box_convection.cpp
boxconv_bc_b	src/pgen/box_convection.cpp
boxconv_bc_m1	src/pgen/box_convection.cpp
boxconv_bc_x1	src/pgen/box_convection.cpp
boxconv_bint	src/pgen/box_convection.cpp
boxconv_budflx	src/pgen/box_convection.cpp
boxconv_col	src/pgen/box_convection.cpp
boxconv_colde	src/pgen/box_convection.cpp
boxconv_filetp	src/pgen/box_convection.cpp
boxconv_ftop	src/pgen/box_convection.cpp
boxconv_hist	src/pgen/box_convection.cpp
boxconv_hse	src/pgen/box_convection.cpp
boxconv_ic	src/pgen/box_convection.cpp
boxconv_inflow	src/pgen/box_convection.cpp
boxconv_m1aref	src/pgen/box_convection.cpp
boxconv_m1arefcmp	src/pgen/box_convection.cpp
boxconv_m1fres	src/pgen/box_convection.cpp
boxconv_m1hist	src/pgen/box_convection.cpp
boxconv_m1ic	src/pgen/box_convection.cpp
boxconv_m1vmax	src/pgen/box_convection.cpp
boxconv_mint	src/pgen/box_convection.cpp
boxconv_phi	src/pgen/box_convection.cpp
boxconv_phiwb	src/pgen/box_convection.cpp
boxconv_prof	src/pgen/box_convection.cpp
boxconv_srcs	src/pgen/box_convection.cpp
boxconv_srcs_fws	src/pgen/box_convection.cpp
boxconv_srcs_fws_x	src/pgen/box_convection.cpp
boxconv_surf	src/pgen/box_convection.cpp
boxconv_vdamp_range	src/pgen/box_convection.cpp
boxconv_vdbot	src/pgen/box_convection.cpp
boxconv_wallflux	src/pgen/box_convection.cpp
bvr_init	src/pgen/bvals_roles_test.cpp
c2p_track_a	src/utils/c2p_track.cpp
c2p_track_b	src/utils/c2p_track.cpp
check_tetrad	src/pgen/tests/rad_beam.cpp
ck_beam_dep	src/utils/two_stream_rt.hpp
ck_beam_stop	src/utils/two_stream_rt.hpp
ck_beam_tau	src/utils/two_stream_rt.hpp
ck_cad_lin	src/utils/two_stream_rt.hpp
ck_cad_store	src/utils/two_stream_rt.hpp
ck_coef	src/utils/two_stream_rt.hpp
ck_coef_in	src/utils/two_stream_rt.hpp
ck_conserve	src/utils/two_stream_rt.hpp
ck_conserve_fb	src/utils/two_stream_rt.hpp
ck_dif_apply	src/utils/two_stream_rt.hpp
ck_dif_band	src/utils/two_stream_rt.hpp
ck_dif_cut	src/utils/two_stream_rt.hpp
ck_dif_datum	src/utils/two_stream_rt.hpp
ck_dif_stat	src/utils/two_stream_rt.hpp
ck_f6_build	src/utils/two_stream_rt.hpp
ck_f6_rep	src/utils/two_stream_rt.hpp
ck_f6_rep_init	src/utils/two_stream_rt.hpp
ck_impl_dbg	src/utils/two_stream_column_ck.hpp
ck_impl_fused	src/utils/two_stream_column_ck.hpp
ck_impl_res	src/utils/two_stream_column_ck.hpp
ck_impl_tri	src/utils/two_stream_column_ck.hpp
ck_jac_zero	src/utils/two_stream_rt.hpp
ck_jacq_sum	src/utils/two_stream_rt.hpp
ck_jfd_cmp	src/utils/two_stream_rt.hpp
ck_jfd_pert	src/utils/two_stream_rt.hpp
ck_jfd_s0	src/utils/two_stream_rt.hpp
ck_lin_build	src/utils/two_stream_rt.hpp
ck_lin_chk	src/utils/two_stream_rt.hpp
ck_lin_chk_cp	src/utils/two_stream_rt.hpp
ck_lin_geom	src/utils/two_stream_rt.hpp
ck_ncloc	src/utils/two_stream_rt.hpp
ck_ncref	src/utils/two_stream_rt.hpp
ck_ncref_loc	src/utils/two_stream_rt.hpp
ck_rosseland_tab	src/utils/correlated_k.hpp
ck_rt_selftest	src/utils/correlated_k.hpp
ck_selftest	src/utils/correlated_k.hpp
ck_vef_formal	src/utils/two_stream_rt.hpp
ck_vef_rep	src/utils/two_stream_rt.hpp
ck_vef_rep_init	src/utils/two_stream_rt.hpp
ck_vef_xlim	src/utils/two_stream_rt.hpp
ck_warm_seed	src/utils/two_stream_column_ck.hpp
ck_xs_chk	src/utils/two_stream_rt.hpp
ck_xs_rec	src/utils/two_stream_rt.hpp
co50	src/pgen/solar_convection.cpp
co50b	src/pgen/solar_convection.cpp
co5A	src/pgen/cooling_convection.cpp
co5A	src/pgen/solar_convection.cpp
co5B	src/pgen/cooling_convection.cpp
co5B	src/pgen/solar_convection.cpp
co5C	src/pgen/cooling_convection.cpp
co5C	src/pgen/solar_convection.cpp
co5D	src/pgen/cooling_convection.cpp
co5D	src/pgen/solar_convection.cpp
coarsen_variable	src/outputs/coarsened_binary.cpp
cond_dtdiag	src/diffusion/conduction.cpp
cond_newdt	src/diffusion/conduction.cpp
conduct1	src/diffusion/conduction.cpp
conduct2	src/diffusion/conduction.cpp
conduct3	src/diffusion/conduction.cpp
const_acc	src/srcterms/srcterms.cpp
cooling	src/srcterms/srcterms.cpp
coord_src	src/coordinates/coordinates.cpp
coord_src	src/dyn_grmhd/dyn_grmhd.cpp
cs_bc_probe	src/pgen/cs_test.cpp
cs_bcc_only	src/coordinates/coordinates.cpp
cs_blast_faces	src/pgen/cs_test.cpp
cs_cnr_emf	src/bvals/flux_correct_fc.cpp
cs_coord1d_1	src/coordinates/coordinates.cpp
cs_coord1d_2	src/coordinates/coordinates.cpp
cs_coord1d_3	src/coordinates/coordinates.cpp
cs_fill_corners	src/bvals/bvals_fc.cpp
cs_fill_corners_cc	src/bvals/bvals_cc.cpp
cs_lowerm	src/coordinates/coordinates.cpp
cs_lowerm_iso	src/coordinates/coordinates.cpp
cs_raisev	src/coordinates/coordinates.cpp
cs_raisev_frozen	src/coordinates/gnomonic_raisevel_frozen.cpp
cs_raisev_iso	src/coordinates/coordinates.cpp
cs_raisev_mhd	src/coordinates/coordinates.cpp
cs_raisev_mhd_frozen	src/coordinates/gnomonic_raisevel_frozen.cpp
cs_raisev_mhd_iso	src/coordinates/coordinates.cpp
cs_save_cnr_emf	src/bvals/flux_correct_fc.cpp
cs_seam_tbl	src/bvals/bvals_fc.cpp
cs_test_grav	src/pgen/cs_test.cpp
cs_test_pghost	src/pgen/cs_test.cpp
cs_test_pghost_mhd	src/pgen/cs_test.cpp
cs_test_rbc	src/pgen/cs_test.cpp
cs_test_rbc_b	src/pgen/cs_test.cpp
cs_test_rbc_b11	src/pgen/cs_test.cpp
cs_test_rbc_b14	src/pgen/cs_test.cpp
cs_test_rbc_b8	src/pgen/cs_test.cpp
cs_test_rbc_b9match	src/pgen/cs_test.cpp
cscoord	src/coordinates/coordinates.cpp
cssrc	src/coordinates/coordinates.cpp
cssrc_wb	src/coordinates/coordinates.cpp
cssrc_wb_geom	src/coordinates/coordinates.cpp
curv	src/outputs/derived_variables.cpp
curv_alt	src/outputs/derived_variables.cpp
curv_perp	src/outputs/derived_variables.cpp
dhj_am_fix	src/pgen/deep_hot_jupiter_rt.cpp
dhj_am_hist	src/pgen/deep_hot_jupiter_rt.cpp
dhj_am_stage	src/pgen/deep_hot_jupiter_rt.cpp
dhj_fhst_stage	src/pgen/deep_hot_jupiter_rt.cpp
dhj_flux_hist	src/pgen/deep_hot_jupiter_rt.cpp
dhj_flux_hist_wall	src/pgen/deep_hot_jupiter_rt.cpp
diffusion_x1	src/pgen/tests/diffusion.cpp
divb	src/outputs/derived_variables.cpp
dyngr_tmunu_loop	src/dyn_grmhd/dyn_grmhd.cpp
dyngrflux_x1	src/dyn_grmhd/dyn_grmhd_fluxes.cpp
dyngrflux_x2	src/dyn_grmhd/dyn_grmhd_fluxes.cpp
dyngrflux_x3	src/dyn_grmhd/dyn_grmhd_fluxes.cpp
e_cc_2d	src/mhd/mhd_corner_e.cpp
e_cc_3d	src/mhd/mhd_corner_e.cpp
e_cc_3d_cs	src/mhd/mhd_corner_e.cpp
eb_ck	src/pgen/deep_hot_jupiter_rt.cpp
eb_ck0	src/pgen/deep_hot_jupiter_rt.cpp
eb_ckn	src/pgen/deep_hot_jupiter_rt.cpp
eb_ckx	src/pgen/deep_hot_jupiter_rt.cpp
eb_cpre	src/pgen/deep_hot_jupiter_rt.cpp
eb_em	src/pgen/deep_hot_jupiter_rt.cpp
eb_flr	src/pgen/deep_hot_jupiter_rt.cpp
eb_rad	src/pgen/deep_hot_jupiter_rt.cpp
eb_stage	src/pgen/deep_hot_jupiter_rt.cpp
emf1	src/mhd/mhd_corner_e.cpp
emf2	src/mhd/mhd_corner_e.cpp
emf3	src/mhd/mhd_corner_e.cpp
emf3	src/mhd/mhd_corner_e_uct.cpp
emf3_cs	src/mhd/mhd_corner_e.cpp
etotgrav1	src/hydro/hydro_etotgrav.cpp
etotgrav1	src/mhd/mhd_etotgrav.cpp
etotgrav2	src/hydro/hydro_etotgrav.cpp
etotgrav2	src/mhd/mhd_etotgrav.cpp
etotgrav3	src/hydro/hydro_etotgrav.cpp
etotgrav3	src/mhd/mhd_etotgrav.cpp
etotgravadd	src/hydro/hydro_etotgrav.cpp
etotgravadd	src/mhd/mhd_etotgrav.cpp
etotgravrem	src/hydro/hydro_etotgrav.cpp
etotgravrem	src/mhd/mhd_etotgrav.cpp
fixed_ix3	src/pgen/tests/gr_bondi.cpp
fixed_x1	src/pgen/tests/gr_bondi.cpp
fixed_x2	src/pgen/tests/gr_bondi.cpp
floop0	src/pgen/field_loop.cpp
floop1	src/pgen/field_loop.cpp
floop2	src/pgen/field_loop.cpp
fofc_cnt	src/outputs/derived_variables.cpp
fofc_report	src/utils/fofc_report.hpp
force_OU_process	src/srcterms/turb_driver.cpp
force_compute	src/srcterms/turb_driver.cpp
force_init	src/srcterms/turb_driver.cpp
force_init_pgen	src/srcterms/turb_driver.cpp
force_norm	src/srcterms/turb_driver.cpp
force_remove_net_mom	src/srcterms/turb_driver.cpp
gravfaces	src/pgen/solar_convection.cpp
grhyd_c2p	src/eos/ideal_grhyd.cpp
grhyd_p2c	src/eos/ideal_grhyd.cpp
grmhd_c2p	src/eos/ideal_grmhd.cpp
grmhd_p2c	src/eos/ideal_grmhd.cpp
h_update	src/hydro/hydro_update.cpp
hflux_x1	src/hydro/hydro_fluxes.cpp
hflux_x2	src/hydro/hydro_fluxes.cpp
hflux_x3	src/hydro/hydro_fluxes.cpp
hotbubble	src/pgen/hotbubble.cpp
hotbubble	src/pgen/hse_atm.cpp
hotbubble_x2	src/pgen/hotbubble.cpp
hotbubble_x2	src/pgen/hse_atm.cpp
hotbubblegrav	src/pgen/hotbubble.cpp
hotbubblegrav	src/pgen/hse_atm.cpp
hs_ad_shell	src/pgen/he_star_m1.cpp
hs_aref	src/pgen/he_star_m1.cpp
hs_bc	src/pgen/he_star_m1.cpp
hs_clump	src/pgen/he_star_m1.cpp
hs_col	src/pgen/he_star_m1.cpp
hs_esrc	src/pgen/he_star_m1.cpp
hs_esrc_t	src/pgen/he_star_m1.cpp
hs_esrc_w	src/pgen/he_star_m1.cpp
hs_grav	src/pgen/he_star_m1.cpp
hs_grav_fws	src/pgen/he_star_m1.cpp
hs_grav_fws_x	src/pgen/he_star_m1.cpp
hs_grav_pm	src/pgen/he_star_m1.cpp
hs_hist	src/pgen/he_star_m1.cpp
hs_htally	src/pgen/he_star_m1.cpp
hs_htally_f	src/pgen/he_star_m1.cpp
hs_ic	src/pgen/he_star_m1.cpp
hs_icf	src/pgen/he_star_m1.cpp
hs_kap1	src/pgen/he_star_m1.cpp
hs_phi	src/pgen/he_star_m1.cpp
hs_phi_col	src/pgen/he_star_m1.cpp
hs_phieff	src/pgen/he_star_m1.cpp
hs_sponge	src/pgen/he_star_m1.cpp
hs_sponge_r	src/pgen/he_star_m1.cpp
hs_zflux	src/pgen/he_star_m1.cpp
hyd_c2p	src/eos/ideal_hyd.cpp
hyd_c2p	src/eos/ideal_hyd_floors.cpp
hyd_c2p_frozen	src/eos/general_hyd_frozen.cpp
hyd_c2p_gen	src/eos/general_hyd.cpp
hyd_c2p_gen	src/eos/general_hyd_floors.cpp
hyd_dtdiag	src/hydro/hydro_newdt.cpp
hyd_dtrep	src/hydro/hydro_newdt.cpp
hyd_p2c	src/eos/ideal_hyd.cpp
hyd_p2c_gen	src/eos/general_hyd.cpp
hydro_advect	src/pgen/tests/advection.cpp
hydro_moments	src/outputs/derived_variables.cpp
hydro_sgs	src/outputs/derived_variables.cpp
hydro_v_moments	src/outputs/derived_variables.cpp
hydrobc_etg	src/bvals/physics/hydro_bcs.cpp
hydrobc_x1	src/bvals/physics/hydro_bcs.cpp
hydrobc_x2	src/bvals/physics/hydro_bcs.cpp
hydrobc_x3	src/bvals/physics/hydro_bcs.cpp
imex_exp	src/ion-neutral/ion-neutral_tasks.cpp
imex_imp	src/ion-neutral/ion-neutral_tasks.cpp
imex_rup	src/ion-neutral/ion-neutral_tasks.cpp
init_nflx	src/bvals/flux_correct_fc.cpp
initialize Gamma	src/z4c/z4c_adm.cpp
initialize z4c fields	src/z4c/z4c_adm.cpp
int2cart	src/utils/cart_grid.cpp
int2sph	src/geodesic-grid/gauss_legendre.cpp
int2sph	src/geodesic-grid/spherical_grid.cpp
integrate	src/pgen/shallow_hot_jupiter.cpp
invert z4c metric	src/z4c/z4c_adm.cpp
isohyd_c2p	src/eos/isothermal_hyd.cpp
isohyd_p2c	src/eos/isothermal_hyd.cpp
isomhd_c2p	src/eos/isothermal_mhd.cpp
isomhd_prim2cons	src/eos/isothermal_mhd.cpp
j2	src/outputs/derived_variables.cpp
jcon	src/outputs/derived_variables.cpp
jeans_wave_bfield	src/pgen/tests/jeans_wave.cpp
jeans_wave_hydro_init	src/pgen/tests/jeans_wave.cpp
jeans_wave_mhd_init	src/pgen/tests/jeans_wave.cpp
jz	src/outputs/derived_variables.cpp
m1_acc_dot	src/rad_m1/rad_m1_implicit.cpp
m1_acc_nrm	src/rad_m1/rad_m1_implicit.cpp
m1_acc_push	src/rad_m1/rad_m1_implicit.cpp
m1_acc_res	src/rad_m1/rad_m1_implicit.cpp
m1_acc_save	src/rad_m1/rad_m1_implicit.cpp
m1_acc_scale	src/rad_m1/rad_m1_implicit.cpp
m1_acc_upd	src/rad_m1/rad_m1_implicit.cpp
m1_advpulse_ic	src/pgen/tests/rad_m1_tests.cpp
m1_advunif_ic	src/pgen/tests/rad_m1_tests.cpp
m1_atm_bc	src/pgen/tests/rad_m1_tests2.cpp
m1_atm_ic	src/pgen/tests/rad_m1_tests2.cpp
m1_atm_reset	src/pgen/tests/rad_m1_tests2.cpp
m1_beam_bc	src/pgen/tests/rad_m1_tests.cpp
m1_beam_ic	src/pgen/tests/rad_m1_tests.cpp
m1_chk_cmp	src/rad_m1/rad_m1_opcheck.cpp
m1_chk_cons	src/rad_m1/rad_m1_opcheck.cpp
m1_chk_fill	src/rad_m1/rad_m1_opcheck.cpp
m1_chk_geom	src/rad_m1/rad_m1_opcheck.cpp
m1_chk_gfill	src/rad_m1/rad_m1_opcheck.cpp
m1_chk_halo	src/rad_m1/rad_m1_opcheck.cpp
m1_chk_label	src/rad_m1/rad_m1_opcheck.cpp
m1_chk_lfill	src/rad_m1/rad_m1_opcheck.cpp
m1_chk_rabs	src/rad_m1/rad_m1_opcheck.cpp
m1_chk_sfill	src/rad_m1/rad_m1_opcheck.cpp
m1_chk_shell	src/rad_m1/rad_m1_opcheck.cpp
m1_coupling	src/rad_m1/rad_m1_coupling.cpp
m1_cs_eff2	src/rad_m1/rad_m1_sph.cpp
m1_cs_eff3	src/rad_m1/rad_m1_sph.cpp
m1_cs_nrenorm	src/rad_m1/rad_m1_implicit.cpp
m1_csfa_d2	src/rad_m1/rad_m1_sph.cpp
m1_csfa_in2	src/rad_m1/rad_m1_sph.cpp
m1_csfa_in3	src/rad_m1/rad_m1_sph.cpp
m1_csfa_out2	src/rad_m1/rad_m1_sph.cpp
m1_csfa_out3	src/rad_m1/rad_m1_sph.cpp
m1_cyl_ic	src/pgen/tests/rad_m1_tests2.cpp
m1_cyl_reset	src/pgen/tests/rad_m1_tests2.cpp
m1_dbg_cell	src/rad_m1/rad_m1_implicit.cpp
m1_dbg_etally	src/rad_m1/rad_m1_implicit.cpp
m1_det_red2	src/rad_m1/rad_m1_implicit.cpp
m1_dt_hash	src/rad_m1/rad_m1_implicit.cpp
m1_emag	src/rad_m1/rad_m1_coupling.cpp
m1_equil_ic	src/pgen/tests/rad_m1_tests.cpp
m1_face_out	src/outputs/derived_variables.cpp
m1_fixede_bc	src/pgen/tests/rad_m1_tests.cpp
m1_flr_cnt	src/rad_m1/rad_m1_implicit.cpp
m1_flx1	src/rad_m1/rad_m1_fluxes.cpp
m1_flx2	src/rad_m1/rad_m1_fluxes.cpp
m1_flx3	src/rad_m1/rad_m1_fluxes.cpp
m1_fs_out	src/outputs/derived_variables.cpp
m1_gas_ic	src/pgen/tests/rad_m1_tests.cpp
m1_gc_add	src/rad_m1/rad_m1_precond.cpp
m1_gc_band	src/rad_m1/rad_m1_precond.cpp
m1_gc_pro0	src/rad_m1/rad_m1_precond.cpp
m1_gc_rows	src/rad_m1/rad_m1_precond.cpp
m1_gc_rp	src/rad_m1/rad_m1_precond.cpp
m1_gc_sum	src/rad_m1/rad_m1_precond.cpp
m1_gc_w	src/rad_m1/rad_m1_precond.cpp
m1_gf_add	src/rad_m1/rad_m1_precond.cpp
m1_gf_fac	src/rad_m1/rad_m1_precond.cpp
m1_gf_h	src/rad_m1/rad_m1_precond.cpp
m1_gf_pro0	src/rad_m1/rad_m1_precond.cpp
m1_gf_rp	src/rad_m1/rad_m1_precond.cpp
m1_gf_solve	src/rad_m1/rad_m1_precond.cpp
m1_gf_sum	src/rad_m1/rad_m1_precond.cpp
m1_hi_ack	src/rad_m1/rad_m1_krylov.cpp
m1_hi_flag	src/rad_m1/rad_m1_krylov.cpp
m1_hi_wack	src/rad_m1/rad_m1_krylov.cpp
m1_hi_warr	src/rad_m1/rad_m1_krylov.cpp
m1_impl_accept	src/rad_m1/rad_m1_implicit.cpp
m1_impl_aphll	src/rad_m1/rad_m1_implicit.cpp
m1_impl_bcg2_upd	src/rad_m1/rad_m1_implicit.cpp
m1_impl_bcg2_x0	src/rad_m1/rad_m1_implicit.cpp
m1_impl_bcg_lj	src/rad_m1/rad_m1_implicit.cpp
m1_impl_bcg_out	src/rad_m1/rad_m1_implicit.cpp
m1_impl_bcg_p	src/rad_m1/rad_m1_implicit.cpp
m1_impl_bcg_r0	src/rad_m1/rad_m1_implicit.cpp
m1_impl_bcg_rho	src/rad_m1/rad_m1_implicit.cpp
m1_impl_bcg_rn	src/rad_m1/rad_m1_implicit.cpp
m1_impl_bcg_rn2	src/rad_m1/rad_m1_implicit.cpp
m1_impl_bcg_rnt	src/rad_m1/rad_m1_implicit.cpp
m1_impl_bcg_rs	src/rad_m1/rad_m1_implicit.cpp
m1_impl_bcg_rv	src/rad_m1/rad_m1_implicit.cpp
m1_impl_bcg_s	src/rad_m1/rad_m1_implicit.cpp
m1_impl_bcg_true	src/rad_m1/rad_m1_implicit.cpp
m1_impl_bcg_ts	src/rad_m1/rad_m1_implicit.cpp
m1_impl_bcg_tt	src/rad_m1/rad_m1_implicit.cpp
m1_impl_bcg_upd	src/rad_m1/rad_m1_implicit.cpp
m1_impl_bcg_x0	src/rad_m1/rad_m1_implicit.cpp
m1_impl_bcgd_flush	src/rad_m1/rad_m1_launch.cpp
m1_impl_bcgd_init	src/rad_m1/rad_m1_launch.cpp
m1_impl_bcgd_r0	src/rad_m1/rad_m1_launch.cpp
m1_impl_bcgd_rs	src/rad_m1/rad_m1_launch.cpp
m1_impl_bcgd_true	src/rad_m1/rad_m1_launch.cpp
m1_impl_bcgd_x0	src/rad_m1/rad_m1_launch.cpp
m1_impl_bcgf_p	src/rad_m1/rad_m1_implicit.cpp
m1_impl_bcgf_rv	src/rad_m1/rad_m1_implicit.cpp
m1_impl_bcgf_s	src/rad_m1/rad_m1_implicit.cpp
m1_impl_bcgf_x0	src/rad_m1/rad_m1_implicit.cpp
m1_impl_dgpass	src/rad_m1/rad_m1_implicit.cpp
m1_impl_ecb	src/rad_m1/rad_m1_implicit.cpp
m1_impl_eck	src/rad_m1/rad_m1_implicit.cpp
m1_impl_eckq	src/rad_m1/rad_m1_implicit.cpp
m1_impl_emax	src/rad_m1/rad_m1_implicit.cpp
m1_impl_f1	src/rad_m1/rad_m1_implicit.cpp
m1_impl_face	src/rad_m1/rad_m1_implicit.cpp
m1_impl_facewrap	src/rad_m1/rad_m1_implicit.cpp
m1_impl_fws	src/rad_m1/rad_m1_implicit.cpp
m1_impl_fws_x	src/rad_m1/rad_m1_implicit.cpp
m1_impl_g0lim	src/rad_m1/rad_m1_implicit.cpp
m1_impl_gcnt	src/rad_m1/rad_m1_implicit.cpp
m1_impl_gms	src/rad_m1/rad_m1_implicit.cpp
m1_impl_gth_loc	src/rad_m1/rad_m1_implicit.cpp
m1_impl_gth_pack	src/rad_m1/rad_m1_implicit.cpp
m1_impl_gth_thomas	src/rad_m1/rad_m1_implicit.cpp
m1_impl_gth_unp	src/rad_m1/rad_m1_implicit.cpp
m1_impl_halo_loc	src/rad_m1/rad_m1_implicit.cpp
m1_impl_halo_pack	src/rad_m1/rad_m1_implicit.cpp
m1_impl_halo_unpack	src/rad_m1/rad_m1_implicit.cpp
m1_impl_hcpy	src/rad_m1/rad_m1_implicit.cpp
m1_impl_hcpyf	src/rad_m1/rad_m1_implicit.cpp
m1_impl_hdir	src/rad_m1/rad_m1_implicit.cpp
m1_impl_hm_pack	src/rad_m1/rad_m1_krylov.cpp
m1_impl_hm_unpack	src/rad_m1/rad_m1_krylov.cpp
m1_impl_hrq	src/rad_m1/rad_m1_implicit.cpp
m1_impl_i0	src/rad_m1/rad_m1_implicit.cpp
m1_impl_ktn	src/rad_m1/rad_m1_implicit.cpp
m1_impl_lag	src/rad_m1/rad_m1_implicit.cpp
m1_impl_lag_rc	src/rad_m1/rad_m1_implicit.cpp
m1_impl_lfc2	src/rad_m1/rad_m1_implicit.cpp
m1_impl_lfc3	src/rad_m1/rad_m1_implicit.cpp
m1_impl_lfcfs	src/rad_m1/rad_m1_implicit.cpp
m1_impl_lfcgd	src/rad_m1/rad_m1_implicit.cpp
m1_impl_lfchf	src/rad_m1/rad_m1_implicit.cpp
m1_impl_lfchr	src/rad_m1/rad_m1_implicit.cpp
m1_impl_ncd	src/rad_m1/rad_m1_implicit.cpp
m1_impl_ncd_loc	src/rad_m1/rad_m1_implicit.cpp
m1_impl_nfb_cp	src/rad_m1/rad_m1_implicit.cpp
m1_impl_odc	src/rad_m1/rad_m1_implicit.cpp
m1_impl_odmin	src/rad_m1/rad_m1_implicit.cpp
m1_impl_odop	src/rad_m1/rad_m1_implicit.cpp
m1_impl_op	src/rad_m1/rad_m1_implicit.cpp
m1_impl_opac	src/rad_m1/rad_m1_implicit.cpp
m1_impl_opc	src/rad_m1/rad_m1_implicit.cpp
m1_impl_opcr	src/rad_m1/rad_m1_implicit.cpp
m1_impl_pcr	src/rad_m1/rad_m1_implicit.cpp
m1_impl_pcrck_cp	src/rad_m1/rad_m1_implicit.cpp
m1_impl_pcrck_red	src/rad_m1/rad_m1_implicit.cpp
m1_impl_pcrx	src/rad_m1/rad_m1_implicit.cpp
m1_impl_pcrxd	src/rad_m1/rad_m1_launch.cpp
m1_impl_pipe_k1	src/rad_m1/rad_m1_krylov.cpp
m1_impl_pipe_k2	src/rad_m1/rad_m1_krylov.cpp
m1_impl_pipe_res	src/rad_m1/rad_m1_krylov.cpp
m1_impl_pipe_st	src/rad_m1/rad_m1_krylov.cpp
m1_impl_pipe_x0	src/rad_m1/rad_m1_krylov.cpp
m1_impl_plog	src/rad_m1/rad_m1_implicit.cpp
m1_impl_pred	src/rad_m1/rad_m1_implicit.cpp
m1_impl_prein	src/rad_m1/rad_m1_implicit.cpp
m1_impl_preout	src/rad_m1/rad_m1_implicit.cpp
m1_impl_pstore	src/rad_m1/rad_m1_implicit.cpp
m1_impl_res	src/rad_m1/rad_m1_implicit.cpp
m1_impl_res_mask	src/rad_m1/rad_m1_implicit.cpp
m1_impl_resloc	src/rad_m1/rad_m1_implicit.cpp
m1_impl_rhs	src/rad_m1/rad_m1_implicit.cpp
m1_impl_rhsmax	src/rad_m1/rad_m1_implicit.cpp
m1_impl_sct_loc	src/rad_m1/rad_m1_implicit.cpp
m1_impl_sct_pack	src/rad_m1/rad_m1_implicit.cpp
m1_impl_sct_unp	src/rad_m1/rad_m1_implicit.cpp
m1_impl_src	src/rad_m1/rad_m1_implicit.cpp
m1_impl_stb	src/rad_m1/rad_m1_implicit.cpp
m1_impl_sto	src/rad_m1/rad_m1_implicit.cpp
m1_impl_stop	src/rad_m1/rad_m1_implicit.cpp
m1_impl_stopr	src/rad_m1/rad_m1_implicit.cpp
m1_impl_stopt	src/rad_m1/rad_m1_implicit.cpp
m1_impl_stopt2	src/rad_m1/rad_m1_implicit.cpp
m1_impl_stor	src/rad_m1/rad_m1_implicit.cpp
m1_impl_stord	src/rad_m1/rad_m1_launch.cpp
m1_impl_stos	src/rad_m1/rad_m1_implicit.cpp
m1_impl_stot	src/rad_m1/rad_m1_implicit.cpp
m1_impl_stot2	src/rad_m1/rad_m1_implicit.cpp
m1_impl_tbl2	src/rad_m1/rad_m1_implicit.cpp
m1_impl_tbl3	src/rad_m1/rad_m1_implicit.cpp
m1_impl_thinfrz	src/rad_m1/rad_m1_implicit.cpp
m1_impl_thomas	src/rad_m1/rad_m1_implicit.cpp
m1_impl_tlim2	src/rad_m1/rad_m1_implicit.cpp
m1_impl_tlim3	src/rad_m1/rad_m1_implicit.cpp
m1_impl_vmmin	src/rad_m1/rad_m1_implicit.cpp
m1_impl_wb	src/rad_m1/rad_m1_implicit.cpp
m1_impl_wb_csvfx	src/rad_m1/rad_m1_implicit.cpp
m1_impl_wb_rc	src/rad_m1/rad_m1_implicit.cpp
m1_impl_wk	src/rad_m1/rad_m1_implicit.cpp
m1_impl_wk_cs	src/rad_m1/rad_m1_implicit.cpp
m1_impl_wkref	src/rad_m1/rad_m1_implicit.cpp
m1_jump_ic	src/pgen/tests/rad_m1_tests.cpp
m1_limits	src/rad_m1/rad_m1_fluxes.cpp
m1_marshak_ic	src/pgen/tests/rad_m1_tests.cpp
m1_mg_build	src/rad_m1/rad_m1_precond.cpp
m1_mg_pcr	src/rad_m1/rad_m1_precond.cpp
m1_mg_pro	src/rad_m1/rad_m1_precond.cpp
m1_mg_pro0	src/rad_m1/rad_m1_precond.cpp
m1_mg_res	src/rad_m1/rad_m1_precond.cpp
m1_mg_res0	src/rad_m1/rad_m1_precond.cpp
m1_mr_inc	src/rad_m1/rad_m1_mr.cpp
m1_mr_inc0	src/rad_m1/rad_m1_mr.cpp
m1_mr_theta	src/rad_m1/rad_m1_mr.cpp
m1_opac_patch	src/rad_m1/rad_m1_opacity.cpp
m1_packet_ic	src/pgen/tests/rad_m1_tests.cpp
m1_pulse_ic	src/pgen/tests/rad_m1_tests.cpp
m1_radshock_ic	src/pgen/tests/rad_m1_tests2.cpp
m1_radwave_cs	src/pgen/tests/rad_m1_tests2.cpp
m1_radwave_eig	src/pgen/tests/rad_m1_tests2.cpp
m1_radwave_eigf	src/pgen/tests/rad_m1_tests2.cpp
m1_radwave_ic	src/pgen/tests/rad_m1_tests2.cpp
m1_rsla_tau	src/rad_m1/rad_m1_opacity.cpp
m1_rsla_v	src/rad_m1/rad_m1_opacity.cpp
m1_sa_aref	src/pgen/tests/rad_m1_tests2.cpp
m1_sa_hold	src/pgen/tests/rad_m1_tests2.cpp
m1_sa_ic	src/pgen/tests/rad_m1_tests2.cpp
m1_sa_icf	src/pgen/tests/rad_m1_tests2.cpp
m1_shadow_bc	src/pgen/tests/rad_m1_tests2.cpp
m1_shadow_ic	src/pgen/tests/rad_m1_tests2.cpp
m1_shadow_reset	src/pgen/tests/rad_m1_tests2.cpp
m1_shear_ic	src/pgen/tests/rad_m1_tests.cpp
m1_shear_reset	src/pgen/tests/rad_m1_tests.cpp
m1_shock_bc	src/pgen/tests/rad_m1_tests2.cpp
m1_sph_beam	src/pgen/tests/rad_m1_tests2.cpp
m1_sph_ic	src/pgen/tests/rad_m1_tests2.cpp
m1_t2_adm	src/rad_m1/rad_m1_implicit.cpp
m1_t2_avg	src/rad_m1/rad_m1_time2.cpp
m1_t2_avgf	src/rad_m1/rad_m1_time2.cpp
m1_t2_f1n	src/rad_m1/rad_m1_implicit.cpp
m1_t2_f2n	src/rad_m1/rad_m1_implicit.cpp
m1_t2_f3n	src/rad_m1/rad_m1_implicit.cpp
m1_t2_inc	src/rad_m1/rad_m1_time2.cpp
m1_t2_kf1	src/rad_m1/rad_m1_implicit.cpp
m1_t2_kf2	src/rad_m1/rad_m1_implicit.cpp
m1_t2_kf3	src/rad_m1/rad_m1_implicit.cpp
m1_t2_vcb	src/rad_m1/rad_m1_time2.cpp
m1_t2_vcf	src/rad_m1/rad_m1_time2.cpp
m1_t2_vcopy	src/rad_m1/rad_m1_time2.cpp
m1_t2_vcq	src/rad_m1/rad_m1_time2.cpp
m1_t2_vcr	src/rad_m1/rad_m1_time2.cpp
m1_t2_vcx	src/rad_m1/rad_m1_time2.cpp
m1_t2_vcy	src/rad_m1/rad_m1_time2.cpp
m1_t2_vext	src/rad_m1/rad_m1_time2.cpp
m1_t2_vs0	src/rad_m1/rad_m1_time2.cpp
m1_t2_vs0r	src/rad_m1/rad_m1_time2.cpp
m1_t2_vs1	src/rad_m1/rad_m1_time2.cpp
m1_t2dbg_all	src/rad_m1/rad_m1_implicit.cpp
m1_t2dbg_cell	src/rad_m1/rad_m1_implicit.cpp
m1_t2dbg_min	src/rad_m1/rad_m1_implicit.cpp
m1_t2dbg_n	src/rad_m1/rad_m1_implicit.cpp
m1_t2dbg_rmn	src/rad_m1/rad_m1_implicit.cpp
m1_t2dbg_sh	src/rad_m1/rad_m1_implicit.cpp
m1_tau_col	src/rad_m1/rad_m1_tau.cpp
m1_tau_sum	src/rad_m1/rad_m1_tau.cpp
m1_tau_ten	src/rad_m1/rad_m1_tau.cpp
m1_thickpulse_ic	src/pgen/tests/rad_m1_tests.cpp
m1_update	src/rad_m1/rad_m1_update.cpp
m1_vcol	src/rad_m1/rad_m1_vetcol.cpp
m1_vcol_team	src/rad_m1/rad_m1_vetcol.cpp
m1_vet_full	src/rad_m1/rad_m1_vet.cpp
m1_vet_full_dsc	src/rad_m1/rad_m1_vet.cpp
m1_vet_full_gh	src/rad_m1/rad_m1_vet.cpp
m1_vet_full_ghmb	src/rad_m1/rad_m1_vet.cpp
m1_vet_full_st	src/rad_m1/rad_m1_vet.cpp
m1_vet_mb_csw	src/rad_m1/rad_m1_vet.cpp
m1_vet_mb_err	src/rad_m1/rad_m1_vet.cpp
m1_vet_mb_kref	src/rad_m1/rad_m1_vet.cpp
m1_vet_mb_lagb	src/rad_m1/rad_m1_vet.cpp
m1_vet_mb_lagx	src/rad_m1/rad_m1_vet.cpp
m1_vet_mb_momout	src/rad_m1/rad_m1_vet.cpp
m1_vet_mb_sweep	src/rad_m1/rad_m1_vet.cpp
m1_vet_out	src/outputs/derived_variables.cpp
m1_vet_proj	src/rad_m1/rad_m1_vet.cpp
m1_vet_src	src/rad_m1/rad_m1_vet.cpp
m1_vet_sweep	src/rad_m1/rad_m1_vet.cpp
m1_vet_x1mv	src/rad_m1/rad_m1_vet.cpp
m1_vgd_csw	src/rad_m1/rad_m1_vetgd.cpp
m1_vgd_dump	src/rad_m1/rad_m1_vetgd.cpp
m1_vgd_fk0	src/rad_m1/rad_m1_vetlat.cpp
m1_vgd_fk0r	src/rad_m1/rad_m1_vetlat.cpp
m1_vgd_halo	src/rad_m1/rad_m1_vetgd.cpp
m1_vgd_hc_bnd	src/rad_m1/rad_m1_vetgd.cpp
m1_vgd_hc_expand	src/rad_m1/rad_m1_vetgd.cpp
m1_vgd_hc_flag	src/rad_m1/rad_m1_vetgd.cpp
m1_vgd_hc_pack	src/rad_m1/rad_m1_vetgd.cpp
m1_vgd_hc_scan	src/rad_m1/rad_m1_vetgd.cpp
m1_vgd_hr	src/rad_m1/rad_m1_vetgd.cpp
m1_vgd_hr_sm	src/rad_m1/rad_m1_vetgd.cpp
m1_vgd_hr_sub	src/rad_m1/rad_m1_vetgd.cpp
m1_vgd_iso	src/rad_m1/rad_m1_vetcol.cpp
m1_vgd_mom	src/rad_m1/rad_m1_vetgd.cpp
m1_vgd_q	src/rad_m1/rad_m1_vetgd.cpp
m1_vgd_rdiag	src/rad_m1/rad_m1_vetgd.cpp
m1_vgd_refold	src/rad_m1/rad_m1_vetlat.cpp
m1_vgd_seam	src/rad_m1/rad_m1_vetgd.cpp
m1_vgd_shell	src/rad_m1/rad_m1_vetgd.cpp
m1_vgd_sm	src/rad_m1/rad_m1_vetgd.cpp
m1_vgd_smc	src/rad_m1/rad_m1_vetgd.cpp
m1_vgd_taper	src/rad_m1/rad_m1_vetgd.cpp
m1_vgd_tw_keep	src/rad_m1/rad_m1_vetgd.cpp
m1_vgd_tw_keep2	src/rad_m1/rad_m1_vetgd.cpp
m1_vgd_tw_sub	src/rad_m1/rad_m1_vetgd.cpp
m1_vgd_tw_sum	src/rad_m1/rad_m1_vetgd.cpp
m1_vgd_tw_sumd	src/rad_m1/rad_m1_vetgd.cpp
m1_vgd_tw_uni	src/rad_m1/rad_m1_vetgd.cpp
m1_vgd_tw_uni2	src/rad_m1/rad_m1_vetgd.cpp
m1_vgd_unpack	src/rad_m1/rad_m1_vetgd.cpp
m1_vgd_wall	src/rad_m1/rad_m1_vetgd.cpp
m1_vimp_csrow	src/rad_m1/rad_m1_implicit.cpp
m1_vimp_p	src/rad_m1/rad_m1_implicit.cpp
m1_vlat_diff	src/rad_m1/rad_m1_vetlat.cpp
m1_vlat_fold	src/rad_m1/rad_m1_vetlat.cpp
m1_vlat_icut	src/rad_m1/rad_m1_vetlat.cpp
m1_vlat_lxi	src/rad_m1/rad_m1_vetlat.cpp
m1_vlat_lxo	src/rad_m1/rad_m1_vetlat.cpp
m1_vlat_mom	src/rad_m1/rad_m1_vetlat.cpp
m1_vlat_odmax	src/rad_m1/rad_m1_vetlat.cpp
m1_vlat_op	src/rad_m1/rad_m1_vetlat.cpp
m1_vlat_shell	src/rad_m1/rad_m1_vetlat.cpp
m1_vlat_src	src/rad_m1/rad_m1_vetlat.cpp
m1_vlat_stencil	src/rad_m1/rad_m1_vetlat.cpp
m1_vlat_taper	src/rad_m1/rad_m1_vetlat.cpp
m1_vsc_ext	src/rad_m1/rad_m1_mr.cpp
m1_vsc_out	src/outputs/derived_variables.cpp
m1_vsc_store	src/rad_m1/rad_m1_mr.cpp
mhd_advect	src/pgen/tests/advection.cpp
mhd_c2p	src/eos/ideal_mhd.cpp
mhd_c2p_frozen	src/eos/general_mhd_frozen.cpp
mhd_c2p_gen	src/eos/general_mhd.cpp
mhd_dtdiag	src/mhd/mhd_newdt.cpp
mhd_flux1	src/mhd/mhd_fluxes.cpp
mhd_flux2	src/mhd/mhd_fluxes.cpp
mhd_flux3	src/mhd/mhd_fluxes.cpp
mhd_k_jxb	src/outputs/derived_variables.cpp
mhd_p2c	src/eos/ideal_mhd.cpp
mhd_p2c_gen	src/eos/general_mhd.cpp
mhd_resistval	src/diffusion/resistivity.cpp
mhd_sgs	src/outputs/derived_variables.cpp
mhd_update	src/mhd/mhd_update.cpp
mhd_v_B_moments	src/outputs/derived_variables.cpp
mhd_vi_Bi_moments	src/outputs/derived_variables.cpp
moments	src/outputs/derived_variables.cpp
moments	src/utils/derived_vars.cpp
mri2d-b	src/pgen/mri2d.cpp
mri2d-u	src/pgen/mri2d.cpp
mri3d	src/pgen/tests/mri3d.cpp
mri3d-u	src/pgen/tests/mri3d.cpp
na	src/radiation/radiation_tetrad.cpp
nan_check	src/driver/driver.cpp
nan_check_active	src/driver/driver.cpp
nan_irange	src/driver/driver.cpp
nanscan_flx	src/hydro/hydro_tasks.cpp
nanscan_u	src/hydro/hydro_tasks.cpp
net_mom_1	src/srcterms/turb_driver.cpp
net_mom_2	src/srcterms/turb_driver.cpp
net_mom_3	src/srcterms/turb_driver.cpp
net_mom_4	src/srcterms/turb_driver.cpp
noinflow_field_x1	src/pgen/gr_torus.cpp
noinflow_field_x1	src/pgen/tests/gr_monopole.cpp
noinflow_field_x2	src/pgen/gr_torus.cpp
noinflow_field_x2	src/pgen/tests/gr_monopole.cpp
noinflow_field_x3	src/pgen/gr_torus.cpp
noinflow_field_x3	src/pgen/tests/gr_monopole.cpp
noinflow_hydro_x1	src/pgen/gr_torus.cpp
noinflow_hydro_x1	src/pgen/tests/gr_monopole.cpp
noinflow_hydro_x2	src/pgen/gr_torus.cpp
noinflow_hydro_x2	src/pgen/tests/gr_monopole.cpp
noinflow_hydro_x3	src/pgen/gr_torus.cpp
noinflow_hydro_x3	src/pgen/tests/gr_monopole.cpp
noinflow_rad_x1	src/pgen/gr_torus.cpp
noinflow_rad_x1	src/pgen/tests/rad_beam.cpp
noinflow_rad_x2	src/pgen/gr_torus.cpp
noinflow_rad_x2	src/pgen/tests/rad_beam.cpp
noinflow_rad_x3	src/pgen/gr_torus.cpp
noinflow_rad_x3	src/pgen/tests/rad_beam.cpp
norm_to_tet	src/radiation/radiation_tetrad.cpp
normalize_coarsened_variable	src/outputs/coarsened_binary.cpp
oa-pack	src/shearing_box/orbital_advection_cc.cpp
oa-packB	src/shearing_box/orbital_advection_fc.cpp
oa-unB	src/shearing_box/orbital_advection_fc.cpp
oa-unpk	src/shearing_box/orbital_advection_cc.cpp
oaCT-b1	src/shearing_box/orbital_advection_fc.cpp
oaCT-b2	src/shearing_box/orbital_advection_fc.cpp
oaCT-b3	src/shearing_box/orbital_advection_fc.cpp
ohm1	src/diffusion/resistivity.cpp
ohm10	src/diffusion/resistivity.cpp
ohm1add	src/diffusion/resistivity.cpp
ohm2	src/diffusion/resistivity.cpp
ohm20	src/diffusion/resistivity.cpp
ohm2add	src/diffusion/resistivity.cpp
ohm3	src/diffusion/resistivity.cpp
ohm30	src/diffusion/resistivity.cpp
ohm3add	src/diffusion/resistivity.cpp
ohm_heat1	src/diffusion/resistivity.cpp
ohm_heat2	src/diffusion/resistivity.cpp
ohm_heat3	src/diffusion/resistivity.cpp
part_update	src/bvals/bvals_part.cpp
part_update	src/outputs/track_prtcl.cpp
part_update	src/particles/particles_pushers.cpp
part_update	src/pgen/part_random.cpp
pdens	src/outputs/derived_variables.cpp
pdens0	src/outputs/derived_variables.cpp
pdf	src/outputs/pdf.cpp
pgen one puncture	src/pgen/tests/z4c_boosted_puncture.cpp
pgen one puncture	src/pgen/z4c_one_puncture.cpp
pgen_Bcc	src/pgen/dyngr_tov.cpp
pgen_Bcc	src/pgen/field_loop.cpp
pgen_Bfc	src/pgen/dyngr_tov.cpp
pgen_Bfc	src/pgen/lorene_bns.cpp
pgen_adm_vars	src/pgen/gr_analytic/kerr_schild.cpp
pgen_adm_vars	src/pgen/tests/shock_tube.cpp
pgen_alfwave	src/pgen/tests/cpaw.cpp
pgen_alfwave2	src/pgen/tests/cpaw.cpp
pgen_b0	src/pgen/convection.cpp
pgen_b0	src/pgen/cooling_convection.cpp
pgen_b0	src/pgen/cubed_sphere.cpp
pgen_b0	src/pgen/deep_hot_jupiter.cpp
pgen_b0	src/pgen/deep_hot_jupiter_rt.cpp
pgen_b0	src/pgen/deep_hot_jupiter_rt_old.cpp
pgen_b0	src/pgen/gr_torus.cpp
pgen_b0	src/pgen/hotbubble.cpp
pgen_b0	src/pgen/hse_atm.cpp
pgen_b0	src/pgen/kh.cpp
pgen_b0	src/pgen/ohmic_diffusion.cpp
pgen_b0	src/pgen/pole_mhd_blast.cpp
pgen_b0	src/pgen/rt.cpp
pgen_b0	src/pgen/shallow_hot_jupiter.cpp
pgen_b0	src/pgen/solar_convection.cpp
pgen_b0	src/pgen/solar_convection_old.cpp
pgen_b0	src/pgen/solid_body_rot.cpp
pgen_b0	src/pgen/sph_mhd_balance.cpp
pgen_b0	src/pgen/sph_mhd_blast.cpp
pgen_balsara	src/pgen/tests/balsara_vortex.cpp
pgen_bcc	src/pgen/gr_torus.cpp
pgen_bcc	src/pgen/lorene_bns.cpp
pgen_bcc	src/pgen/tests/linear_wave.cpp
pgen_bcc_restart	src/pgen/deep_hot_jupiter_rt.cpp
pgen_blast1	src/pgen/blast.cpp
pgen_blast2	src/pgen/blast.cpp
pgen_blast3	src/pgen/blast.cpp
pgen_bondi	src/pgen/tests/gr_bondi.cpp
pgen_bvars	src/pgen/tests/gr_bondi.cpp
pgen_cloud1	src/pgen/shock_cloud.cpp
pgen_cs	src/pgen/cubed_sphere.cpp
pgen_cs	src/pgen/solid_body_rot.cpp
pgen_cs	src/pgen/sph_mhd_balance.cpp
pgen_cs_bcc	src/pgen/cs_test.cpp
pgen_cs_bfld	src/pgen/cs_test.cpp
pgen_cs_bfld11	src/pgen/cs_test.cpp
pgen_cs_bfld14	src/pgen/cs_test.cpp
pgen_cs_bfld8	src/pgen/cs_test.cpp
pgen_cs_emag	src/pgen/cs_test.cpp
pgen_cs_emag11	src/pgen/cs_test.cpp
pgen_cs_emag12	src/pgen/cs_test.cpp
pgen_cs_emag8	src/pgen/cs_test.cpp
pgen_cs_hydro	src/pgen/current_sheet.cpp
pgen_cs_phi	src/pgen/cs_test.cpp
pgen_cs_test	src/pgen/cs_test.cpp
pgen_cshock	src/pgen/tests/cshock.cpp
pgen_diff1	src/pgen/tests/diffusion.cpp
pgen_diffusion1	src/pgen/rad_diffusion.cpp
pgen_diffusion2	src/pgen/rad_diffusion.cpp
pgen_eos_eval	src/pgen/pgen_eos_utils.cpp
pgen_gauge_wave	src/pgen/z4c_gauge_wave.cpp
pgen_gresho	src/pgen/tests/gresho_mhd.cpp
pgen_hydro	src/pgen/dynbbh.cpp
pgen_init	src/pgen/tests/collapse.cpp
pgen_kh1	src/pgen/kh.cpp
pgen_linwave1	src/pgen/tests/linear_wave.cpp
pgen_linwave1	src/pgen/tests/z4c_linear_wave.cpp
pgen_linwave2	src/pgen/tests/linear_wave.cpp
pgen_linwave3	src/pgen/tests/linear_wave.cpp
pgen_lw_implode	src/pgen/tests/lw_implode.cpp
pgen_mhd	src/pgen/current_sheet.cpp
pgen_monopole1	src/pgen/tests/gr_monopole.cpp
pgen_monopole2	src/pgen/tests/gr_monopole.cpp
pgen_normb0	src/pgen/gr_torus.cpp
pgen_normbcc	src/pgen/gr_torus.cpp
pgen_ohmic	src/pgen/ohmic_diffusion.cpp
pgen_ot1	src/pgen/tests/orszag_tang.cpp
pgen_ot2	src/pgen/tests/orszag_tang.cpp
pgen_potential	src/pgen/blast.cpp
pgen_potential	src/pgen/dyngr_tov.cpp
pgen_prob	src/pgen/pole_mhd_blast.cpp
pgen_prob	src/pgen/sph_mhd_blast.cpp
pgen_raddiff2d	src/pgen/tests/rad_diff2d.cpp
pgen_rt_test_init	src/pgen/deep_hot_jupiter_rt.cpp
pgen_shadow1	src/pgen/rad_relax.cpp
pgen_shadow1	src/pgen/rad_shadow.cpp
pgen_shock1	src/pgen/dynbbh.cpp
pgen_shock1	src/pgen/shu_osher.cpp
pgen_shock1	src/pgen/tests/shock_tube.cpp
pgen_shock_csb	src/pgen/tests/shock_tube.cpp
pgen_slot_cyl	src/pgen/slotted_cyl.cpp
pgen_stability	src/pgen/z4c_stability.cpp
pgen_test	src/pgen/unit_tests/eos_compose_test.cpp
pgen_torus1	src/pgen/gr_torus.cpp
pgen_torus2	src/pgen/tests/gr_monopole.cpp
pgen_tov1	src/pgen/dyngr_tov.cpp
pgen_turb	src/pgen/turb.cpp
pgen_turb	src/pgen/twofluid.cpp
pgen_turb_hydro	src/pgen/turb.cpp
pgen_turb_hydro	src/pgen/twofluid.cpp
pgen_turb_mhd	src/pgen/turb.cpp
pgen_turb_mhd	src/pgen/twofluid.cpp
pgen_vector_potential	src/pgen/gr_torus.cpp
pgen_vector_potential	src/pgen/lorene_bns.cpp
polar_combine	src/mhd/mhd_corner_e.cpp
polar_combine_uct	src/mhd/mhd_corner_e_uct.cpp
polar_partial	src/mhd/mhd_corner_e.cpp
polar_partial_uct	src/mhd/mhd_corner_e_uct.cpp
polar_refill	src/mhd/mhd_corner_e.cpp
polar_refill_uct	src/mhd/mhd_corner_e_uct.cpp
ppack	src/bvals/bvals_part.cpp
probini	src/pgen/convection.cpp
probini	src/pgen/cooling_convection.cpp
probini	src/pgen/deep_hot_jupiter.cpp
probini	src/pgen/deep_hot_jupiter_rt.cpp
probini	src/pgen/deep_hot_jupiter_rt_old.cpp
probini	src/pgen/shallow_hot_jupiter.cpp
probini	src/pgen/solar_convection.cpp
probini	src/pgen/solar_convection_old.cpp
probseed	src/pgen/deep_hot_jupiter_rt.cpp
probwb	src/pgen/convection.cpp
probwb	src/pgen/cooling_convection.cpp
probwb	src/pgen/deep_hot_jupiter.cpp
probwb	src/pgen/deep_hot_jupiter_rt.cpp
probwb	src/pgen/deep_hot_jupiter_rt_old.cpp
probwb	src/pgen/solar_convection.cpp
probwb	src/pgen/solar_convection_old.cpp
pshyd_c2p	src/eos/primitive_solver_hyd.hpp
pshyd_prim2cons	src/eos/primitive_solver_hyd.hpp
ptags	src/particles/particles.cpp
punpack	src/bvals/bvals_part.cpp
push	src/srcterms/turb_driver.cpp
r_update	src/radiation/radiation_update.cpp
rad_beam	src/pgen/rad_shadow.cpp
rad_beam	src/pgen/rad_snake.cpp
rad_beam	src/srcterms/srcterms.cpp
rad_hohlraum	src/pgen/rad_hohlraum.cpp
rad_relax	src/pgen/rad_relax.cpp
rad_wave	src/pgen/tests/rad_linear_wave.cpp
rad_wave2	src/pgen/tests/rad_linear_wave.cpp
radcapc2	src/diffusion/conduction.cpp
radcapc3	src/diffusion/conduction.cpp
radcapdiag	src/diffusion/conduction.cpp
radcaploc	src/diffusion/conduction.cpp
radcapx	src/diffusion/conduction.cpp
radcond1	src/diffusion/conduction.cpp
radcond2	src/diffusion/conduction.cpp
radcond3	src/diffusion/conduction.cpp
radiation_source	src/radiation/radiation_source.cpp
radiationbc_x1	src/bvals/physics/radiation_bcs.cpp
radiationbc_x2	src/bvals/physics/radiation_bcs.cpp
radiationbc_x3	src/bvals/physics/radiation_bcs.cpp
radimpx1	src/diffusion/conduction.cpp
radimpx1_coef	src/diffusion/conduction.cpp
radimpx1_face	src/diffusion/conduction.cpp
radimpx1_tn2	src/diffusion/conduction.cpp
radm1bc_x1	src/bvals/physics/rad_m1_bcs.cpp
radm1bc_x2	src/bvals/physics/rad_m1_bcs.cpp
radm1bc_x3	src/bvals/physics/rad_m1_bcs.cpp
radstsc1	src/diffusion/conduction.cpp
radstssp1	src/diffusion/conduction.cpp
radstssp2	src/diffusion/conduction.cpp
radstssp3	src/diffusion/conduction.cpp
radtau	src/diffusion/conduction.cpp
radtau_bound	src/diffusion/conduction.cpp
radtradiend	src/diffusion/conduction_transverse.cpp
radtradiln	src/diffusion/conduction_transverse.cpp
radtradird	src/diffusion/conduction_transverse.cpp
radtradirhs	src/diffusion/conduction_transverse.cpp
radtradirx	src/diffusion/conduction_transverse.cpp
radtradiseam	src/diffusion/conduction_transverse.cpp
radtrcopy	src/diffusion/conduction_transverse.cpp
radtrend	src/diffusion/conduction_transverse.cpp
radtrlag	src/diffusion/conduction_transverse.cpp
radtrrefr	src/diffusion/conduction_transverse.cpp
radtrseed	src/diffusion/conduction_transverse.cpp
radtrst	src/diffusion/conduction.cpp
radtrsub	src/diffusion/conduction_transverse.cpp
radtrz	src/diffusion/conduction_transverse.cpp
radtrzpl	src/diffusion/conduction_transverse.cpp
resCT-b1	src/diffusion/resistivity_ct.cpp
resCT-b2	src/diffusion/resistivity_ct.cpp
resCT-b3	src/diffusion/resistivity_ct.cpp
res_cs_e1	src/diffusion/resistivity_gnomonic.cpp
res_cs_e2	src/diffusion/resistivity_gnomonic.cpp
res_cs_e3	src/diffusion/resistivity_gnomonic.cpp
res_cs_j1	src/diffusion/resistivity_gnomonic.cpp
res_cs_j2	src/diffusion/resistivity_gnomonic.cpp
res_cs_j2c	src/diffusion/resistivity_gnomonic.cpp
res_cs_j3	src/diffusion/resistivity_gnomonic.cpp
res_cs_j3c	src/diffusion/resistivity_gnomonic.cpp
resmhd_update	src/diffusion/resistivity_update.cpp
restrictCC-1D	src/mesh/mesh_refinement.cpp
restrictCC-2D	src/mesh/mesh_refinement.cpp
restrictCC-3D	src/mesh/mesh_refinement.cpp
restrictFC-1D	src/mesh/mesh_refinement.cpp
restrictFC-2D	src/mesh/mesh_refinement.cpp
restrictFC-3D	src/mesh/mesh_refinement.cpp
rflux_angular	src/radiation/radiation_fluxes.cpp
rflux_x1	src/radiation/radiation_fluxes.cpp
rflux_x2	src/radiation/radiation_fluxes.cpp
rflux_x3	src/radiation/radiation_fluxes.cpp
rg_b	src/pgen/red_giant.cpp
rg_bc_b	src/pgen/red_giant.cpp
rg_bc_x1	src/pgen/red_giant.cpp
rg_co50	src/pgen/red_giant.cpp
rg_co50b	src/pgen/red_giant.cpp
rg_co5A	src/pgen/red_giant.cpp
rg_co5B	src/pgen/red_giant.cpp
rg_co5C	src/pgen/red_giant.cpp
rg_co5D	src/pgen/red_giant.cpp
rg_co5E	src/pgen/red_giant.cpp
rg_co5Evol	src/pgen/red_giant.cpp
rg_column	src/pgen/red_giant.cpp
rg_csmax	src/pgen/red_giant.cpp
rg_elsh	src/pgen/red_giant.cpp
rg_elshf	src/pgen/red_giant.cpp
rg_facebud	src/pgen/red_giant.cpp
rg_grav	src/pgen/red_giant.cpp
rg_ic	src/pgen/red_giant.cpp
rg_mlt_div	src/pgen/red_giant.cpp
rg_mlt_div_split	src/pgen/red_giant.cpp
rg_mlt_flux	src/pgen/red_giant.cpp
rg_mlt_mean_face	src/pgen/red_giant.cpp
rg_mlt_shell	src/pgen/red_giant.cpp
rg_mlt_smooth	src/pgen/red_giant.cpp
rg_mlt_smooth_p	src/pgen/red_giant.cpp
rg_mlt_tau	src/pgen/red_giant.cpp
rg_nanscan	src/pgen/red_giant.cpp
rg_phi	src/pgen/red_giant.cpp
rg_prof	src/pgen/red_giant.cpp
rg_radbud	src/pgen/red_giant.cpp
rg_relax	src/pgen/red_giant.cpp
rg_sponge	src/pgen/red_giant.cpp
rg_surf	src/pgen/red_giant.cpp
rg_tote	src/pgen/red_giant.cpp
rg_vdall	src/pgen/red_giant.cpp
rg_vdall_m	src/pgen/red_giant.cpp
rg_vdall_mean	src/pgen/red_giant.cpp
rg_vdbot	src/pgen/red_giant.cpp
rg_vdtop	src/pgen/red_giant.cpp
rg_vdtop_range	src/pgen/red_giant.cpp
rg_wallflux	src/pgen/red_giant.cpp
rg_wb_static	src/pgen/red_giant.cpp
rk4_copy_cons	src/hydro/hydro_tasks.cpp
rsc_T	src/utils/runaway_scan.hpp
rsc_ratio	src/utils/runaway_scan.hpp
rsc_rec	src/utils/runaway_scan.hpp
rt2d	src/pgen/rt.cpp
rt3d	src/pgen/hotbubble.cpp
rt3d	src/pgen/hse_atm.cpp
rt3d	src/pgen/rt.cpp
rt_c3_top	src/utils/two_stream_rt.hpp
rt_c3_wchk	src/utils/two_stream_rt.hpp
rt_chain	src/utils/two_stream_rt.hpp
rt_chain_ck	src/utils/two_stream_rt.hpp
rt_chain_ck_lin	src/utils/two_stream_rt.hpp
rt_chain_ck_lin_sum	src/utils/two_stream_rt.hpp
rt_chain_grey	src/utils/two_stream_rt.hpp
rt_col3	src/utils/two_stream_column_implicit.hpp
rt_col3_p	src/utils/two_stream_column_partition.hpp
rt_dumpcol	src/utils/two_stream_rt.hpp
rt_pre	src/utils/two_stream_rt.hpp
rt_pre_cut	src/utils/two_stream_rt.hpp
rt_pre_geom	src/utils/two_stream_rt.hpp
rt_pre_opac	src/utils/two_stream_rt.hpp
rt_pre_opac_grey	src/utils/two_stream_rt.hpp
rt_pre_tp	src/utils/two_stream_rt.hpp
rt_test_diag	src/pgen/deep_hot_jupiter_rt.cpp
rt_test_frzT	src/pgen/deep_hot_jupiter_rt.cpp
sbox	src/shearing_box/shearing_box_srcterms.cpp
selfgrav_x1	src/srcterms/srcterms.cpp
selfgrav_x2	src/srcterms/srcterms.cpp
selfgrav_x3	src/srcterms/srcterms.cpp
set_excision	src/coordinates/excision.cpp
shear1	src/pgen/field_loop.cpp
shrcc	src/shearing_box/shearing_box_cc.cpp
shrcc	src/shearing_box/shearing_box_fc.cpp
shwave1	src/pgen/tests/shwave.cpp
shwave2	src/pgen/tests/shwave.cpp
shwave3	src/pgen/tests/shwave.cpp
shwave3_a1	src/pgen/tests/shwave.cpp
shwave3_a2	src/pgen/tests/shwave.cpp
shwave3_a3	src/pgen/tests/shwave.cpp
shwave3_b1	src/pgen/tests/shwave.cpp
shwave3_b2	src/pgen/tests/shwave.cpp
shwave3_b3	src/pgen/tests/shwave.cpp
shwave3_e	src/pgen/tests/shwave.cpp
shwave4	src/pgen/tests/shwave.cpp
sp_favg_add	src/coordinates/coordinates.cpp
sp_favg_q	src/coordinates/coordinates.cpp
sp_test_b	src/pgen/sp_test.cpp
sp_test_e0	src/pgen/sp_test.cpp
sp_test_rbc	src/pgen/sp_test.cpp
sp_test_rbc_b	src/pgen/sp_test.cpp
sp_test_u	src/pgen/sp_test.cpp
sp_test_vol	src/pgen/sp_test.cpp
spcoord	src/coordinates/coordinates.cpp
spcoord_add	src/coordinates/coordinates.cpp
splb_b	src/pgen/sp_lowbeta.cpp
splb_bc_b	src/pgen/sp_lowbeta.cpp
splb_bc_c	src/pgen/sp_lowbeta.cpp
splb_w	src/pgen/sp_lowbeta.cpp
sponge	src/pgen/solar_convection.cpp
spsrc	src/coordinates/coordinates.cpp
spsrc_cartrows	src/coordinates/coordinates.cpp
spsrc_wb_geom	src/coordinates/coordinates.cpp
srcterms_cooling_newdt	src/srcterms/srcterms_newdt.cpp
srhyd_c2p	src/eos/ideal_srhyd.cpp
srhyd_p2c	src/eos/ideal_srhyd.cpp
srmhd_c2p	src/eos/ideal_srmhd.cpp
srmhd_p2c	src/eos/ideal_srmhd.cpp
stratbc_b	src/pgen/tests/mri3d.cpp
stratbc_u	src/pgen/tests/mri3d.cpp
temperature	src/outputs/derived_variables.cpp
tet_c	src/pgen/rad_snake.cpp
tet_c/tetcov_c	src/radiation/radiation_tetrad.cpp
tet_d1_x1f	src/radiation/radiation_tetrad.cpp
tet_d2_x2f	src/radiation/radiation_tetrad.cpp
tet_d3_x3f	src/radiation/radiation_tetrad.cpp
tet_x1f	src/pgen/rad_snake.cpp
tet_x2f	src/pgen/rad_snake.cpp
tet_x3f	src/pgen/rad_snake.cpp
torus_beta	src/pgen/gr_torus.cpp
update_adm_vars	src/coordinates/adm.cpp
update_adm_vars	src/pgen/blast.cpp
update_adm_vars	src/pgen/dynbbh.cpp
usrboundary	src/pgen/convection.cpp
usrboundary	src/pgen/cubed_sphere.cpp
usrboundary	src/pgen/shallow_hot_jupiter.cpp
usrboundary	src/pgen/solid_body_rot.cpp
usrboundarymhd	src/pgen/sph_mhd_balance.cpp
usrboundaryx1	src/pgen/deep_hot_jupiter.cpp
usrboundaryx1	src/pgen/deep_hot_jupiter_rt.cpp
usrboundaryx1	src/pgen/deep_hot_jupiter_rt_old.cpp
usrboundaryx1	src/pgen/sph_mhd_balance.cpp
usrboundaryx1_bcc_outer	src/pgen/deep_hot_jupiter_rt.cpp
usrboundaryx1_bfield	src/pgen/cooling_convection.cpp
usrboundaryx1_bfield	src/pgen/deep_hot_jupiter_rt.cpp
usrboundaryx1_bfield	src/pgen/solar_convection.cpp
usrboundaryx1_bfield	src/pgen/solar_convection_old.cpp
usrboundaryx1_bfieldc	src/pgen/cooling_convection.cpp
usrboundaryx1_bfieldc	src/pgen/deep_hot_jupiter_rt.cpp
usrboundaryx1_bfieldc	src/pgen/solar_convection.cpp
usrboundaryx1_bfieldc	src/pgen/solar_convection_old.cpp
usrboundaryx1_demag_inner	src/pgen/deep_hot_jupiter_rt.cpp
usrboundaryx2	src/pgen/deep_hot_jupiter_rt.cpp
usrboundaryx2_bfield	src/pgen/deep_hot_jupiter_rt.cpp
usrboundaryx2_bfieldc	src/pgen/deep_hot_jupiter_rt.cpp
usrsource	src/pgen/convection.cpp
usrsource	src/pgen/cooling_convection.cpp
usrsource	src/pgen/deep_hot_jupiter.cpp
usrsource	src/pgen/deep_hot_jupiter_rt.cpp
usrsource	src/pgen/deep_hot_jupiter_rt_old.cpp
usrsource	src/pgen/shallow_hot_jupiter.cpp
usrsource	src/pgen/solar_convection.cpp
usrsource	src/pgen/solar_convection_old.cpp
varying_grav	src/pgen/hotbubble.cpp
varying_grav	src/pgen/hse_atm.cpp
visc1	src/diffusion/viscosity.cpp
visc2	src/diffusion/viscosity.cpp
visc3	src/diffusion/viscosity.cpp
vor2	src/outputs/derived_variables.cpp
vorz	src/outputs/derived_variables.cpp
wb_atm_bc	src/pgen/tests/wb_atm.cpp
wb_atm_bg	src/pgen/tests/wb_atm.cpp
wb_atm_grav	src/pgen/tests/wb_atm.cpp
wb_atm_ic	src/pgen/tests/wb_atm.cpp
wb_atm_phi	src/pgen/tests/wb_atm.cpp
wbaddvar	src/hydro/hydro_wellbalance.cpp
wbaddvar	src/mhd/mhd_wellbalance.cpp
wbcache	src/hydro/hydro_wellbalance.cpp
wbcache	src/mhd/mhd_wellbalance.cpp
wbcc	src/pgen/convection.cpp
wbcc	src/pgen/cooling_convection.cpp
wbcc	src/pgen/deep_hot_jupiter.cpp
wbcc	src/pgen/deep_hot_jupiter_rt.cpp
wbcc	src/pgen/deep_hot_jupiter_rt_old.cpp
wbcc	src/pgen/shallow_hot_jupiter.cpp
wbcc	src/pgen/solar_convection.cpp
wbcc	src/pgen/solar_convection_old.cpp
wbcol_b	src/pgen/wb_column.cpp
wbcol_bc_b	src/pgen/wb_column.cpp
wbcol_bc_x1	src/pgen/wb_column.cpp
wbcol_bc_x3	src/pgen/wb_column.cpp
wbcol_grav	src/pgen/wb_column.cpp
wbcol_ic	src/pgen/wb_column.cpp
wbgrav	src/pgen/convection.cpp
wbgrav	src/pgen/cooling_convection.cpp
wbgrav	src/pgen/deep_hot_jupiter.cpp
wbgrav	src/pgen/deep_hot_jupiter_rt.cpp
wbgrav	src/pgen/deep_hot_jupiter_rt_old.cpp
wbgrav	src/pgen/shallow_hot_jupiter.cpp
wbgrav	src/pgen/solar_convection.cpp
wbgrav	src/pgen/solar_convection_old.cpp
wbgravbc	src/pgen/deep_hot_jupiter_rt.cpp
wbgravbc_x3	src/pgen/convection.cpp
wbgravbc_x3	src/pgen/shallow_hot_jupiter.cpp
wbremflux1	src/hydro/hydro_wellbalance.cpp
wbremflux1	src/mhd/mhd_wellbalance.cpp
wbremflux2	src/hydro/hydro_wellbalance.cpp
wbremflux2	src/mhd/mhd_wellbalance.cpp
wbremflux3	src/hydro/hydro_wellbalance.cpp
wbremflux3	src/mhd/mhd_wellbalance.cpp
wbsetpres	src/hydro/hydro_wellbalance.cpp
wbsetpres	src/mhd/mhd_wellbalance.cpp
wbsetpresf1	src/hydro/hydro_wellbalance.cpp
wbsetpresf1	src/mhd/mhd_wellbalance.cpp
wbsetpresf2	src/hydro/hydro_wellbalance.cpp
wbsetpresf2	src/mhd/mhd_wellbalance.cpp
wbsetpresf3	src/hydro/hydro_wellbalance.cpp
wbsetpresf3	src/mhd/mhd_wellbalance.cpp
wg_aref	src/pgen/tests/rad_m1_wedge.cpp
wg_b0	src/pgen/tests/rad_m1_wedge.cpp
wg_bc	src/pgen/tests/rad_m1_wedge.cpp
wg_bcb	src/pgen/tests/rad_m1_wedge.cpp
wg_col	src/pgen/tests/rad_m1_wedge.cpp
wg_grav	src/pgen/tests/rad_m1_wedge.cpp
wg_grav_fws	src/pgen/tests/rad_m1_wedge.cpp
wg_grav_fws_x	src/pgen/tests/rad_m1_wedge.cpp
wg_hist	src/pgen/tests/rad_m1_wedge.cpp
wg_ic	src/pgen/tests/rad_m1_wedge.cpp
wg_icf	src/pgen/tests/rad_m1_wedge.cpp
wg_phi	src/pgen/tests/rad_m1_wedge.cpp
wg_phieff	src/pgen/tests/rad_m1_wedge.cpp
wg_sponge	src/pgen/tests/rad_m1_wedge.cpp
wg_zflux	src/pgen/tests/rad_m1_wedge.cpp
xsin/xcos	src/srcterms/turb_driver.cpp
ysin/ycos	src/srcterms/turb_driver.cpp
z4c RK update	src/z4c/z4c_update.cpp
z4c rhs loop	src/z4c/z4c_calcrhs.cpp
z4c_weyl_scalar	src/z4c/z4c_calculate_weyl_scalars.cpp
z4cbc_x1	src/bvals/physics/z4c_bcs.cpp
z4cbc_x2	src/bvals/physics/z4c_bcs.cpp
z4cbc_x3	src/bvals/physics/z4c_bcs.cpp
z4crhs_bc_x1	src/z4c/z4c_Sbc.cpp
z4crhs_bc_x2	src/z4c/z4c_Sbc.cpp
z4crhs_bc_x3	src/z4c/z4c_Sbc.cpp
zsin/zcos	src/srcterms/turb_driver.cpp
